{"cameraMode":{"drawMode":0,"name":"Shaded","section":"Shading Mode"},"sceneLighting":false,"audioPlay":false,"sceneViewState":{"showFog":true,"showMaterialUpdate":false,"showSkybox":false,"showFlares":true,"showImageEffects":true,"showParticleSystems":true},"in2DMode":false,"pivot":{"x":-0.5956277847290039,"y":1.4580512046813965,"z":-0.3834495544433594},"rotation":{"x":-0.020143907517194749,"y":0.9754782319068909,"z":-0.19450122117996217,"w":-0.10102731734514237},"size":16.01227569580078,"orthographic":false}